Summary,Issue Type,Description,Assignee,Priority,Status
"Main Project Specification (SPEC)","Epic","Review and finalize the main SPEC.md for the UniConnecT project","joydip.datta15@gmail.com","Highest","Done"
"Design Foundations","Epic","Establish core design foundations based on South Asian context and WCAG 2.1 AA","mahfujurrahmanhimel10@gmail.com","Highest","Done"
"Vercel Frontend Deployment","Task","Setup and configure Vercel for React SPA deployment","mahfujurrahmanhimel10@gmail.com","High","Done"
"Azure Student Deployment","Task","Configure Azure App Service B1 for Express API deployment","joydip.datta15@gmail.com","High","Done"
"Admin Invite System","Story","Implement admin controls to invite users via tokenised email links","joydip.datta15@gmail.com","High","To Do"
"Search Feature","Story","Implement full-text Postgres search with trigram fallback","saemferdous8@gmail.com","High","To Do"
"Staff to Faculty Profile Update","Task","Update profile schemas to support department attributes for faculty","mnasim2330970@bscse.uiu.ac.bd","Medium","To Do"
"Post Feature","Story","Core feed post creation, deletion, and rendering","monabbur531@gmail.com","Highest","In Progress"
"Right Sidebar Features","Task","Implement UI components for the right sidebar","monabbur531@gmail.com","Medium","To Do"
"Frontend Polish","Task","General UI/UX improvements, shimmer skeletons, and empty states","monabbur531@gmail.com","Medium","Done"
"Mentorship Rewards","Story","Points economy, gift-card redemption, and mentorship session tracking","mnasim2330970@bscse.uiu.ac.bd","High","To Do"
"Theme Toggle","Task","Implement Light/Dark mode switching in UI and persistence","monabbur531@gmail.com","Low","To Do"
"Auto Groups","Story","Automatically assign users to batch/department groups upon registration","saemferdous8@gmail.com","High","To Do"
"Component Polish (Phase 2)","Task","Refine Design System components based on Phase 2 requirements","monabbur531@gmail.com","Medium","To Do"
"Role Badges (Phase 3)","Task","Display visual badges for Admin, Faculty, Alumni, Student roles","mnasim2330970@bscse.uiu.ac.bd","Medium","To Do"
"Learning Backend (Phase 4a)","Story","Develop API endpoints and database schema for LMS capabilities","saemferdous8@gmail.com","Highest","To Do"
"Learning Frontend (Phase 4b)","Story","Build UI for course materials, modules, and student progress","monabbur531@gmail.com","Highest","To Do"
"Landing Refresh (Phase 5)","Task","Update landing page marketing copy and visuals","mnasim2330970@bscse.uiu.ac.bd","Low","To Do"
"Sidebar Icon Rail","Task","Update left sidebar navigation with icon rail for collapsed state","monabbur531@gmail.com","Low","To Do"
"Study Groups 2.0","Epic","Enhance groups with study sessions, resources, and pinned posts","saemferdous8@gmail.com","High","To Do"
"Admin Controls","Story","Admin dashboard for stats, user management, bans, and content sync","joydip.datta15@gmail.com","High","To Do"
"Daily Quiz Feature","Story","Implement automated daily quizzes tied to the learning module","mahfujurrahmanhimel10@gmail.com","Medium","To Do"
"Academic LMS Foundation","Epic","Core database structure and models for the Learning Management System","saemferdous8@gmail.com","Highest","To Do"
"Academic LMS Extensions (Part 2)","Story","Add support for file attachments and rich text descriptions in courses","mahfujurrahmanhimel10@gmail.com","High","To Do"
"Academic LMS Finalization (Part 3)","Story","Finalize student enrollment flows and instructor grading","joydip.datta15@gmail.com","High","To Do"
"Learning AI Review","Task","Integrate Gemini API for AI-generated flashcards and quiz generation","mnasim2330970@bscse.uiu.ac.bd","High","To Do"
"Setup Socket.io for Real-time","Task","Configure Socket.io with Redis adapter for messaging rooms","monabbur531@gmail.com","Highest","To Do"
"Campus Shuttle Tracking Backend","Task","API for driver accounts to broadcast GPS locations via Redis","mnasim2330970@bscse.uiu.ac.bd","High","To Do"
"Content Sync Worker","Task","Background job to fetch WordPress university news and notices","saemferdous8@gmail.com","Medium","To Do"
"Code Review & System Architecture","Epic","Ongoing PR reviews, architectural decisions, and module routing","joydip.datta15@gmail.com","Highest","In Progress"
